{
  "pH": {
    "mean": 7.151633201864467,
    "std": 0.2913524514173951,
    "min": 6.05,
    "max": 7.95,
    "p5": 6.58,
    "p95": 7.6
  },
  "Temperature (\u00b0C)": {
    "mean": 22.298565794191465,
    "std": 6.007495893305178,
    "min": 10.1,
    "max": 32.9,
    "p5": 12.4,
    "p95": 30.1
  },
  "DO (mg/L)": {
    "mean": 1.4982233775546792,
    "std": 1.168890722671589,
    "min": 0.0,
    "max": 5.04,
    "p5": 0.16,
    "p95": 3.49
  },
  "Turbidity (NTU)": {
    "mean": 129.03675152384366,
    "std": 82.91215025243996,
    "min": 8.0,
    "max": 423.2,
    "p5": 30.0,
    "p95": 282.115
  },
  "TDS (mg/L)": {
    "mean": 624.5652563642883,
    "std": 186.53898240702168,
    "min": 219.0,
    "max": 1234.0,
    "p5": 363.0,
    "p95": 974.0
  },
  "EC (\u00b5S/cm)": {
    "mean": 875.704374327716,
    "std": 228.5129605167478,
    "min": 330.0,
    "max": 1460.0,
    "p5": 519.0,
    "p95": 1277.0
  },
  "TSS (mg/L)": {
    "mean": 1027.4311581211905,
    "std": 1276.6184806805522,
    "min": 12.0,
    "max": 3600.0,
    "p5": 45.0,
    "p95": 3260.0
  },
  "Monsoon_Flag": {
    "mean": 0.19361778415202582,
    "std": 0.39516823396993045,
    "min": 0.0,
    "max": 1.0,
    "p5": 0.0,
    "p95": 1.0
  },
  "Rain_Event_Flag": {
    "mean": 0.27214055216923627,
    "std": 0.44510177414877294,
    "min": 0.0,
    "max": 1.0,
    "p5": 0.0,
    "p95": 1.0
  }
}