{
  "pH": {
    "mean": 7.07733249051833,
    "std": 0.37149838722898315,
    "min": 6.05,
    "max": 7.95,
    "p5": 6.43,
    "p95": 7.63
  },
  "Temperature (\u00b0C)": {
    "mean": 22.70914454277286,
    "std": 5.209662007346041,
    "min": 11.2,
    "max": 32.9,
    "p5": 13.6,
    "p95": 29.5
  },
  "DO (mg/L)": {
    "mean": 0.8099789296249473,
    "std": 0.5782267402420043,
    "min": 0.0,
    "max": 3.19,
    "p5": 0.1,
    "p95": 1.95
  },
  "Turbidity (NTU)": {
    "mean": 154.10425621576064,
    "std": 83.30513211491272,
    "min": 22.0,
    "max": 423.2,
    "p5": 58.6,
    "p95": 315.00000000000006
  },
  "TDS (mg/L)": {
    "mean": 643.677201854193,
    "std": 206.2747422295819,
    "min": 219.0,
    "max": 1234.0,
    "p5": 342.6,
    "p95": 1035.4
  },
  "EC (\u00b5S/cm)": {
    "mean": 908.9827222924569,
    "std": 252.62020020765766,
    "min": 430.0,
    "max": 1460.0,
    "p5": 504.0,
    "p95": 1357.4
  },
  "TSS (mg/L)": {
    "mean": 974.0206489675517,
    "std": 1182.9716725571238,
    "min": 36.0,
    "max": 3600.0,
    "p5": 77.0,
    "p95": 3130.2000000000003
  },
  "Monsoon_Flag": {
    "mean": 0.22587442056468604,
    "std": 0.418245003607598,
    "min": 0.0,
    "max": 1.0,
    "p5": 0.0,
    "p95": 1.0
  },
  "Rain_Event_Flag": {
    "mean": 0.32616940581542353,
    "std": 0.46890892691958325,
    "min": 0.0,
    "max": 1.0,
    "p5": 0.0,
    "p95": 1.0
  }
}