{
  "bod_weights": {
    "pH": 0.008106519468128681,
    "Temperature (\u00b0C)": 0.0326509065926075,
    "DO (mg/L)": 0.0050292229279875755,
    "Turbidity (NTU)": 0.13725097477436066,
    "TDS (mg/L)": 0.036758825182914734,
    "EC (\u00b5S/cm)": 0.01802172139286995,
    "TSS (mg/L)": 0.5533553957939148,
    "Monsoon Flag": 0.10272081196308136,
    "Rain Event": 0.10610565543174744
  },
  "cod_weights": {
    "pH": 0.014616566710174084,
    "Temperature (\u00b0C)": 0.034659162163734436,
    "DO (mg/L)": 0.0028819674625992775,
    "Turbidity (NTU)": 0.14786449074745178,
    "TDS (mg/L)": 0.06102343648672104,
    "EC (\u00b5S/cm)": 0.02354949153959751,
    "TSS (mg/L)": 0.49580830335617065,
    "Monsoon Flag": 0.09049423784017563,
    "Rain Event": 0.12910234928131104
  }
}